word,cityNumber,word_central_lon,word_central_lat,radius,median,shopNumberLessThanMedian,shopNumberLargerThanMedian,largestDistance,avgDistance,word_ratio,regional
onion rings,37,-2.41966510141953,54.0681225257923,655231.1276564156,324821,69,78,768243.82,353439.95,0.22,N
chips,37,-2.2636707417612554,53.757215307980665,569644.0692957375,292061.6,97,86,765245.55,344686.23,0.28,N
chicken burger,37,-2.409913041831547,53.99278107351634,641927.3286088324,310945.21,65,67,755511.9,351236.45,0.26,N
chicken nuggets,37,-2.2585749930203978,53.83995703890616,608616.5640875979,279074.56,86,73,750491.31,345983.17,0.25,N
mushy peas,36,-1.966617899422856,53.29975697379705,623220.5778713448,320310.85,61,57,856714.96,340242.35,0.38,N
fish,36,-2.2855414397713085,53.86756955318165,589224.5214238599,278617.97,72,61,744639.6,338555.39,0.29,N
fish cake,36,-2.0157862961066013,53.65406818022287,565451.143471709,289978.71,75,50,791946.3,338422.45,0.32,N
chicken,36,-2.342418524958987,53.672607770434944,584799.9125543609,281292.49,63,63,778097.15,341922.59,0.26,N
onion pie,25,-1.7046932180945873,53.06504775845328,451615.6237319092,263987.99,32,22,641894.43,254340.1,0.56,N
steak,25,-1.6140978124323841,52.530550184352485,419429.5866094493,249954.09,41,26,571609.42,265808.93,0.49,N
kids fish,25,-2.2647353916371475,54.087245555764675,534456.1357026864,245585.22,23,33,651258.35,299003.51,0.36,N
you would,20,-1.9656860046797866,53.7057210246825,548754.1516687798,247979.43,21,15,674330.65,295693.49,0.42,N
any x,20,-1.721624303531984,54.11284743840241,441475.9834159964,252308.23,23,11,598783.29,271355.62,0.53,N
spring roll,19,-1.886571771546888,53.092474293636506,567164.2897176133,276916.37,27,18,592762.17,263119.87,0.58,N
black pudding,18,-3.271942876473948,55.54936300791395,547659.9046577578,242103.9,50,15,601281.09,296312.78,0.66,Y
could harm,16,-1.848471901566233,53.78448849418025,537154.1166353885,235036.29,18,13,659943.6,265101.39,0.42,N
advise you,16,-1.848471901566233,53.78448849418025,537154.1166353885,235036.29,18,13,659943.6,265101.39,0.42,N
from you,16,-1.7104395006529003,53.795663797218005,538908.0466583946,234838.16,16,13,658668.22,256137.97,0.38,N
sausage small,14,-1.5690362979909005,52.8103302000234,402957.308820801,168481.65,11,7,434602.16,195747.68,0.67,N
irn bru,14,-3.257718594207355,55.70910485798328,405285.0737439447,246500.52,44,9,629702.62,266813.33,0.75,Y
peas large,14,-1.8592981940620112,53.33284168709397,554596.2488045036,165998.79,14,13,673661.05,230340.59,0.63,N
beans large,13,-1.9989556442583092,53.30621788195365,551706.2837684738,202354.63,14,10,748944.47,291186.53,0.58,N
sausage large,13,-1.6160014822484612,52.91862091538172,314048.1505205326,125183.65,12,7,423045.4,177671.2,0.74,N
steak and,13,-1.2199156470767345,52.9350360981113,349406.4827852371,200770.77,14,7,415736.68,217074.29,0.67,N
fish chips,13,-1.9333766524436118,53.277340242779324,388252.2614908282,146702.25,9,7,508598.72,189033.19,0.75,N
peas small,13,-1.77937666663704,53.22256816928277,576853.7299939857,137131.44,12,13,576853.73,178502.24,0.76,N
or gravy,13,-1.695319934935963,53.2540439920459,342534.2631479211,157303.99,17,9,576286.26,227408.4,0.73,N
tandoori chicken,13,-1.3513827838901915,53.04091636903716,366865.94293559337,147389.27,13,8,685273.88,246686.13,0.71,N
tray of,13,-1.8915175060479545,54.15087004358455,310789.42324584257,217246.37,14,9,646697.28,247401.22,0.61,N
of pepsi,13,-1.6320145050344763,53.48125407905712,385124.65394567465,165544.76,9,10,403971.02,201080.3,0.63,N
mince pie,12,-3.214353818393529,55.65276442684913,250668.84913199613,181965.88,37,12,472332.92,208343.49,0.76,Y
large donner,12,-1.7474259000197763,54.41982980669326,424402.9644211966,276829.88,13,6,475256.76,246505.42,0.63,N
piece of,12,-2.067740393347673,53.32411436177116,545284.2936356086,160187.79,10,7,545284.29,216139.93,0.65,N
chicken meat,12,-1.6041884472054084,52.782882671607425,322921.8115070536,150470.56,24,6,424135.24,186467.95,0.87,N
of fish,12,-2.173275253032025,54.00226006712767,432507.3850256641,218318.09,9,9,515928.34,256075.48,0.67,N
or curry,12,-1.8465137073624363,53.444376594922794,300377.64635200467,177542.95,11,9,609059.71,220597.35,0.8,N
special fish,12,-3.5100293046073743,55.53379548670079,604971.4317850865,216400.82,23,6,835308.05,315273.07,0.79,Y
cornish pasty,11,-1.2711152256556737,52.506254679150636,281758.83427653415,163230.08,10,8,338199.75,160195.8,0.72,Y
chicken pakora,11,-3.383214204986702,55.830276751302755,657153.6022290196,190242.4,28,9,657374.36,287845.61,0.81,Y
pie,11,-1.70532825987466,52.747978522909634,286804.0251391296,187266.2,6,7,407995.94,183150.31,0.69,N
with tomato,11,-2.174903367304853,54.493202041730214,306281.4449150298,149520.32,6,7,497171.09,193579.23,0.62,N
large haddock,10,-1.1511292033580145,53.05060241859296,363797.55264139245,156007.05,10,6,400603.32,203534.18,0.75,Y
mixed meat,10,-1.7214458839652431,52.728880002646235,413206.2105515204,132013.05,13,6,856605.72,239895.73,0.79,Y
vegetable pakora,10,-3.538319929874722,55.88285907963792,570925.7915584366,252843.04,25,5,673462.45,315463.82,0.83,Y
cone of,10,-2.1028568284127096,53.217890616786164,561347.6309315441,246715.89,13,6,765283.14,314386.37,0.68,N
haggis,10,-2.827972758018145,55.14706909789142,212490.05285251213,159699.48,17,12,295070.01,157470.65,0.76,Y
smoked sausage,10,-3.536459980074613,55.86197739295384,303777.26752866775,178219.43,43,8,667894.44,234348.52,0.84,Y
cheese tomato,10,-2.191826970580075,54.657844097460284,408931.12267117505,294029.51,15,6,493359.95,267997.15,0.62,Y
peas curry,9,-1.4184769334743812,53.41667032688866,219732.18426552773,135205.08,9,7,296702.06,149286.07,0.75,N
sausage supper,9,-4.245929653924762,55.60475379106419,360049.0890653479,222659.98,28,10,464437.89,230599.99,0.74,N
south fried,9,-1.6853345206039447,52.999954806642286,558550.0871451482,149334.4,10,6,618166.69,252170.29,0.75,N
bolognese,9,-1.994191023646736,54.82503669443438,344488.7569385166,105092.16,13,6,365416.2,176527.27,0.84,Y
mini fish,9,-1.6600663785061491,53.05980452554498,609704.204239112,109596,13,12,609704.2,171902.22,0.84,Y
chicken chips,9,-1.2836850880620094,52.968576192064546,318085.33449160267,112667.01,7,5,656451.45,183354.06,0.83,Y
red bull,8,-2.922143882340535,55.67817355147383,385598.9622796296,194085.04,11,4,924276.77,296906.43,0.73,Y
king rib,8,-3.663534211927365,55.86190479363442,206469.02088082256,149244.11,37,7,333214.24,175520.1,0.91,Y
scallop,8,-1.8099946668114062,53.3154012473354,246150.3393105586,124356.09,10,7,506820.73,173753.58,0.88,Y
salad or,8,-1.8918243226789035,54.99529886639972,315027.22921327874,174769.59,10,4,378177.29,178132.31,0.71,Y
of juice,8,-3.8048803463450214,56.0432314103733,295026.1738218511,169831.86,12,4,405373.05,198692.18,0.81,Y
chicken tandoori,8,-1.1919904889843176,53.11875676347877,354413.00968218484,140909.44,6,4,626827.11,223155.69,0.7,N
portions of,8,-1.6732131342105285,53.75274409062496,236902.47478772752,177414.79,6,4,457448.05,172490.73,0.7,N
cockles,8,-1.7284316664589727,52.6458949010717,579193.4187694159,84433.25,10,6,674584.7,246886.25,0.81,N
chicken large,8,-1.4003894270782689,53.02263800986833,331506.14528713125,151700.05,5,4,586383.19,202801.58,0.67,N
hash brown,8,-2.009481967063018,54.3420836886786,339982.05040308076,155899.5,5,5,683970.55,244170.88,0.7,N
bottle,8,-1.0021519232268785,53.5007314749893,377088.0480560057,294799.17,4,4,531502.91,296528.34,0.13,N
monday to,8,-1.588327511066486,54.16806481653827,516532.9657397058,290286.55,4,5,638860.35,328155.45,0.22,N
a dip,8,-3.052473900107319,54.19400306111277,374142.841437253,336309.54,4,4,506743.09,323246.12,0.13,N
baked potatoes,8,-3.4126245689020687,55.87058596182877,295275.2205523359,157882.79,8,4,376248.47,179763.36,0.83,Y
chips curry,8,-2.2202664039382514,52.86586890210915,273021.33017178,123374.91,4,4,615925.99,192918.45,0.75,N
fried onion,8,-1.839225680256098,53.36174975001958,238726.33373287486,144726.6,4,4,595448.78,185281.25,0.75,N
hot shot,8,-1.6559283846832837,54.6099459644592,234095.97274930676,112672.88,13,6,412404.52,146530.93,0.89,N
pieces chicken,7,-1.7048832749380474,52.58694815249889,227282.4223778951,91331.85,5,4,882683.34,222746.75,0.78,N
donner in,7,-1.4985534192856793,52.86649843086435,174971.75672841613,95773.36,7,4,217671.26,126849.97,1,Y
all kebabs,7,-2.471096635790213,55.48967847409507,334266.69854950195,149875.81,3,4,504378.21,220346.9,0.71,N
mini cod,7,-1.7494026355900318,52.751531690630664,145628.2821390099,71743.62,6,4,279871.92,115159.36,0.9,N
meat kebab,7,-1.47046883471097,52.988259900969226,299458.2326856216,104607.75,3,5,337466.46,147473.3,0.75,N
chips pieces,7,-1.2951185599811748,52.88600230129488,357540.872057443,100143.03,6,4,657512.1,217447.39,0.7,N
bru l,7,-3.507832865893917,55.725594785262324,285655.84973066504,283063.01,16,4,643629.31,277028.63,0.75,Y
coke ltr,7,-3.442320329076193,55.57608359500745,560758.170759141,144916.33,10,5,610760.49,283576.37,0.8,N
with mushrooms,7,-2.5773938421882496,54.02159949421762,451370.9968494376,322479.48,3,4,611076.27,341013.65,0,N
chop suey,7,-1.8900097656228902,54.33451756237253,454997.5646077793,157787.09,10,7,685989.72,264548.1,0.88,N
steak burger,7,-1.8849503132621273,53.01141413550766,265058.8525674748,118498.3,5,4,359786.28,170189.94,0.78,N
potato pie,7,-1.967965130408119,53.379005139958316,120370.70985347922,81344.22,7,5,198748.23,96842.51,1,Y
the comments,7,-2.0134320277407483,52.86566127475842,263779.86982403125,147325.25,5,5,391113.23,181776.8,0.8,N
mushrooms sweetcorn,7,-1.6917474621603754,53.09056748079586,367683.77417375334,127230.74,3,6,431593.47,185539.04,0.78,N
masala fish,7,-1.847486957385889,53.09740546456382,132283.60702458778,113413.31,4,6,593892.93,168118.68,0.9,N
they are,7,-1.9560354004446738,53.74616381222789,252841.44745975884,237259.85,4,4,735285.48,256615.49,0.63,N
all steak,7,-1.3531899926346123,52.73840564401575,119920.73791705805,76870.82,14,7,436091.3,153949.64,0.9,N
chicken chicken,7,-1.499852056249498,52.81917227888067,400850.74176599435,147589.62,5,5,610110.82,224843.3,0.8,N
baked potato,7,-3.539809452979478,55.99331102656274,282161.29605603736,160627.07,14,5,850430.38,250895.86,0.84,Y
scampi supper,6,-3.6357351221628518,55.97188577876465,291795.0199415342,136743.66,20,4,372513.91,176520,0.88,Y
mix kebab,6,-1.9907217255345182,52.539178048630774,207042.11647620634,132182.23,4,3,459871.92,167391.77,0.71,N
sausage single,6,-3.8445927110908418,55.88966945528613,150843.77226152114,136296.15,26,3,683236.61,232316.22,0.93,Y
jumbo battered,6,-0.9578512126848515,52.35384396317572,181264.30535875657,151866.45,3,3,357516.83,160063.27,0.83,N
mixed pakora,6,-3.674397453706002,55.98111810361301,292862.6837912292,136392.07,16,3,309765.24,166280.29,0.89,Y
pie supper,6,-3.8287059335654647,55.89061206285356,149572.9094061307,136360.79,25,3,496302.92,200979.15,0.93,Y
mango can,6,-2.081717799201423,54.235368544830756,233355.4367017799,191016.51,4,3,327472.89,191906.68,0.71,N
burger single,6,-3.7362772365549843,55.926410375033235,305687.0845114769,220592.34,18,3,850118.45,349541.39,0.86,Y
pudding supper,6,-3.8287059335654607,55.890612062853556,149572.9094061347,136360.79,25,3,317539.91,145357.01,0.96,Y
lb cheese,6,-3.0854983324512775,53.91665738552205,394241.6757940362,331580.6,3,3,652362.31,333856.04,0.33,N
strawberry milkshake,6,-2.7155389335291438,54.61382531665809,357694.28631223436,282504.2,3,4,582276.84,282712.85,0.29,N
chip roll,6,-3.3862435733983873,55.81691317660423,187782.3651925153,151545.02,19,6,303159.92,161019.64,0.96,Y
pizza supper,5,-3.7417787799699562,55.93120478679595,137234.88838644506,135702.4,20,3,305289.23,139567.83,0.96,Y
pizza single,5,-3.8710517933480344,55.8789438615757,118158.77635365483,118158.78,20,3,682159.5,248406.33,0.91,Y
pie dinner,2,-2.7327827551027615,53.48729993865789,123285.81490403009,77040.26,4,1,123285.81,77040.26,1,N
spicy bean,2,-1.334999185019744,51.17360455813882,451977.69737863576,301410.92,3,1,451977.7,301410.92,0.75,N
squeeze me,6,-2.957292892215947,55.50685155345718,364231.2977464531,273405.85,7,3,580479.63,305751.61,0.1,N
chilli or,5,-1.7956640268492996,54.88875057775213,203994.8762188301,46075.54,7,3,338179.99,129275.91,0.9,N
small battered,10,-2.0796826387167444,53.63478586439551,559399.2818735613,308874.04,12,5,631723.85,329124.62,0.53,N
red cola,4,-3.522511424017499,55.73724422541669,130556.65260555164,108062.51,7,3,177687.05,112427.04,1,N
kung po,4,-2.452335882366919,53.45676208368059,368024.9208912806,322968.48,5,2,509933.61,303736.82,0.57,N
mailing list,4,-4.793994051330552,54.38824475469465,522417.6945001847,446746.8,7,2,745160.16,442682.76,0,N
sprite ml,4,-3.9060732832004406,55.84699732222495,110957.53724036667,96282.89,7,2,632195.25,216004.35,0.89,N
in tray,4,-1.6913855490773706,52.62092533120654,89374.24602017902,75846.85,5,2,218859.11,101255.23,1,N